{
  "Confirm Password": "Confirm Password",
  "E-Mail Address": "E-Mail Address",
  "Forgot Your Password?": "Forgot Your Password?",
  "If you did not request a password reset, no further action is required.": "If you did not request a password reset, no further action is required.",
  "Login": "Login",
  "Logout": "Logout",
  "Name": "Name",
  "Password": "Password",
  "Register": "Register",
  "Remember Me": "Remember Me",
  "Reset Password": "Reset Password",
  "Reset Password Notification": "Reset Password Notification",
  "Send Password Reset Link": "Send Password Reset Link",
  "You are receiving this email because we received a password reset request for your account.": "You are receiving this email because we received a password reset request for your account."
}
